{"cameraMode":{"drawMode":0,"name":"Shaded","section":"Shading Mode"},"sceneLighting":true,"audioPlay":false,"sceneViewState":{"showFog":true,"showMaterialUpdate":true,"showSkybox":true,"showFlares":true,"showImageEffects":true,"showParticleSystems":true},"in2DMode":false,"pivot":{"x":3.761384963989258,"y":26.24404525756836,"z":-41.64358139038086},"rotation":{"x":0.4051329493522644,"y":0.07484535127878189,"z":-0.033060040324926379,"w":0.9108527898788452},"size":0.8660253882408142,"orthographic":false}