{"cameraMode":{"drawMode":0,"name":"Shaded","section":"Shading Mode"},"sceneLighting":true,"audioPlay":false,"sceneViewState":{"showFog":true,"showMaterialUpdate":true,"showSkybox":true,"showFlares":true,"showImageEffects":true,"showParticleSystems":true},"in2DMode":false,"pivot":{"x":-14.868383407592774,"y":33.93242263793945,"z":-57.0705451965332},"rotation":{"x":0.36223575472831728,"y":0.5018969178199768,"z":-0.24257896840572358,"w":0.7475834488868713},"size":0.8660253882408142,"orthographic":false}