{"cameraMode":{"drawMode":0,"name":"Shaded","section":"Shading Mode"},"sceneLighting":true,"audioPlay":false,"sceneViewState":{"showFog":true,"showMaterialUpdate":true,"showSkybox":false,"showFlares":true,"showImageEffects":true,"showParticleSystems":true},"in2DMode":false,"pivot":{"x":2.5647287368774416,"y":-268.345458984375,"z":171.09410095214845},"rotation":{"x":-0.46708905696868899,"y":-0.0031645081471651794,"z":0.0016933942679315806,"w":-0.884222149848938},"size":176.77670288085938,"orthographic":false}